State,District,Latitude,Longitude,Population in 2001,Population in 2011
Andaman and Nicobar,Andaman Islands,12.38257107,92.82291051,314084,343739
Andaman and Nicobar,Nicobar Islands,7.83529075,93.51160124,42068,36842
Andhra Pradesh,Anantapur,14.31206556,77.46015845,3640478,4081148
Andhra Pradesh,Chittoor,13.33109263,78.92763899,3745875,4174064
Andhra Pradesh,Cuddapah,14.49028913,78.69613871,,
Andhra Pradesh,East Godavari,16.78271832,82.24320747,4901420,5154296
Andhra Pradesh,Guntur,15.88492577,80.58657614,4465144,4887813
Andhra Pradesh,Hyderabad,17.38971556,78.46668889,,
Andhra Pradesh,Karimnagar,18.51548319,79.43765429,,
Andhra Pradesh,Khammam,17.68392133,80.67008644,,
Andhra Pradesh,Krishna,16.14387275,81.14805061,4187841,4517398
Andhra Pradesh,Kurnool,15.43759715,77.90086837,3529494,4053463
Andhra Pradesh,Mahbubnagar,16.63954622,77.98933089,,
Andhra Pradesh,Medak,17.88930498,78.13778902,,
Andhra Pradesh,Nalgonda,17.11325052,79.16984454,,
Andhra Pradesh,Nellore,13.89434407,80.14702672,,
Andhra Pradesh,Nizamabad,18.42948585,78.07523491,,
Andhra Pradesh,Prakasam,15.489039,80.1166579,3059423,3397448
Andhra Pradesh,Rangareddi,17.24523587,78.05756828,,
Andhra Pradesh,Srikakulam,18.570901,84.25874814,2537593,2703114
Andhra Pradesh,Vishakhapatnam,17.64683903,83.01014036,,
Andhra Pradesh,Vizianagaram,18.28329696,83.45982854,2249254,2344474
Andhra Pradesh,Warangal,18.01752609,79.87422029,,
Andhra Pradesh,West Godavari,16.63297944,81.45912991,3803517,3936966
Arunachal Pradesh,Changlang,27.36048479,96.37552645,125422,148226
Arunachal Pradesh,East Kameng,27.37119406,93.04741486,57179,78690
Arunachal Pradesh,East Siang,28.15382353,95.06499226,87397,99214
Arunachal Pradesh,Kurung Kumey,28.04853352,93.24531994,42518,92076
Arunachal Pradesh,Lohit,27.94678527,96.59670771,124991,145726
Arunachal Pradesh,Lower Dibang Valley,28.3265173,95.76567336,50448,54080
Arunachal Pradesh,Lower Subansiri,27.70849297,93.96226108,55726,83030
Arunachal Pradesh,Papum Pare,27.27352972,93.54468184,122003,176573
Arunachal Pradesh,Tawang,27.68068396,91.82504245,38924,49977
Arunachal Pradesh,Tirap,26.9440623,95.41470328,100326,111975
Arunachal Pradesh,Upper Dibang Valley,29.01994784,95.98776394,,
Arunachal Pradesh,Upper Siang,28.83092449,95.00155765,33363,35320
Arunachal Pradesh,Upper Subansiri,28.27719657,93.89914356,55346,83448
Arunachal Pradesh,West Kameng,27.46486582,92.6501575,74599,83947
Arunachal Pradesh,West Siang,28.10629692,94.53510344,103918,112274
Assam,Barpeta,26.42787226,90.9791201,1394755,1693622
Assam,Bongaigaon,26.45012522,90.67342962,612665,738804
Assam,Cachar,24.81557067,92.8684965,1444921,1736617
Assam,Darrang,26.58463216,92.04141338,759858,928500
Assam,Dhemaji,27.58653344,94.71336909,571944,686133
Assam,Dhuburi,26.04506148,89.98500822,,
Assam,Dibrugarh,27.30612284,95.09982823,1185072,1326335
Assam,Goalpara,26.01727778,90.59869892,822035,1008183
Assam,Golaghat,26.37721971,93.82583398,946279,1066888
Assam,Hailakandi,24.45749609,92.59154665,542872,659296
Assam,Jorhat,26.76244824,94.30197723,999221,1092256
Assam,Kamrup,26.17093945,91.58863274,1311698,1517542
Assam,Karbi Anglong,26.08966455,93.1153657,813311,956313
Assam,Karimganj,24.69660712,92.36794986,1007976,1228686
Assam,Kokrajhar,26.49724664,90.13997471,843243,887142
Assam,Lakhimpur,27.14128806,94.07759493,889010,1042137
Assam,Marigaon,26.24650047,92.21949953,,
Assam,Nagaon,26.26462171,92.93061911,2314629,2823768
Assam,Nalbari,26.46323768,91.40598521,689053,771639
Assam,North Cachar Hills,25.33829985,92.97740206,,
Assam,Sibsagar,27.0276287,94.90025848,,
Assam,Sonitpur,26.73514927,92.85197805,1665125,1924110
Assam,Tinsukia,27.53549291,95.69055949,1150062,1327929
Bihar,Araria,26.21152812,87.30766555,2158608,2811569
Bihar,Aurangabad,24.77429187,84.45986024,2013055,2540073
Bihar,Banka,24.83235564,86.86649163,1608773,2034763
Bihar,Begusarai,25.54302613,86.12560144,2349366,2970541
Bihar,Bhabua,25.02156643,83.61128105,,
Bihar,Bhagalpur,25.27719289,87.04213814,2423172,3037766
Bihar,Bhojpur,25.50666439,84.49407803,2243144,2728407
Bihar,Buxar,25.48593019,84.08808082,1402396,1706352
Bihar,Darbhanga,26.14618772,85.97387352,3295789,3937385
Bihar,Gaya,24.72665415,84.94291218,3473428,4391418
Bihar,Gopalganj,26.44874364,84.34636127,2152638,2562012
Bihar,Jamui,24.7841838,86.26316298,1398796,1760405
Bihar,Jehanabad,25.15567905,84.92081245,926191,1125313
Bihar,Katihar,25.56565356,87.70466084,2392638,3071029
Bihar,Khagaria,25.53558891,86.56593256,1280354,1666886
Bihar,Kishanganj,26.32433676,87.95045007,1296348,1690400
Bihar,Lakhisarai,25.18344932,86.12825701,802225,1000912
Bihar,Madhepura,25.77341929,86.8978444,1526646,2001762
Bihar,Madhubani,26.41380538,86.1632836,3575281,4487379
Bihar,Munger,25.19853796,86.54173673,1137797,1367765
Bihar,Muzaffarpur,26.18664417,85.32745092,3746714,4801062
Bihar,Nalanda,25.22934551,85.48053114,2370528,2877653
Bihar,Nawada,24.82570884,85.61594569,1809696,2219146
Bihar,Pashchim Champaran,27.16064352,84.30265912,,
Bihar,Patna,25.40297115,85.31984336,4718592,5838465
Bihar,Purba Champaran,26.68129337,85.00382156,,
Bihar,Purnia,25.81714802,87.40447607,2543942,3264619
Bihar,Rohtas,24.99170461,83.93507627,2464243,2959918
Bihar,Saharsa,25.8212707,86.5467082,1508182,1900661
Bihar,Samastipur,25.79320556,85.94833323,3394793,4261566
Bihar,Saran,25.89656078,84.82266287,3248701,3951862
Bihar,Sheikhpura,25.12472437,85.77839391,525502,636342
Bihar,Sheohar,26.45838075,85.29539412,515961,656246
Bihar,Sitamarhi,26.5657007,85.61172491,2682720,3423574
Bihar,Siwan,26.1736372,84.33766553,2714349,3330464
Bihar,Supaul,26.28157894,86.78496465,1732578,2229076
Bihar,Vaishali,25.81347032,85.39247597,2718421,3495021
Chandigarh,Chandigarh,30.7426,76.75872466,900635,1055450
Chhattisgarh,Bastar,19.39386675,81.52895127,1198067,1413199
Chhattisgarh,Bilaspur,22.35694298,81.99770351,1998355,2663629
Chhattisgarh,Dantewada,18.65385409,81.0720012,,
Chhattisgarh,Dhamtari,20.55491263,81.75691955,706591,799781
Chhattisgarh,Durg,21.19446385,81.3318164,2810436,3343872
Chhattisgarh,Janjgir-Champa,21.96109375,82.80495409,1317431,1619707
Chhattisgarh,Jashpur,22.77286168,83.87039621,743160,851669
Chhattisgarh,Kanker,20.13946129,81.06913081,,
Chhattisgarh,Kawardha,22.04800079,81.16271188,,
Chhattisgarh,Korba,22.4917125,82.57604327,1011823,1206640
Chhattisgarh,Koriya,23.50412777,82.12515636,586327,658917
Chhattisgarh,Mahasamund,21.22372704,82.65925427,860257,1032754
Chhattisgarh,Raigarh,22.00826507,83.27797699,1265529,1493984
Chhattisgarh,Raipur,20.88603154,82.2003276,3016930,4063872
Chhattisgarh,Raj Nandgaon,21.05841473,80.78526694,,
Chhattisgarh,Surguja,23.32719279,83.23582494,1972094,2359886
Dadra and Nagar Haveli,Dadra and Nagar Haveli,20.21513217,73.09454961,,
Daman and Diu,Daman,20.43161667,72.83923661,,
Daman and Diu,Junagadh,20.72568199,70.8398564,,
Delhi,Delhi,28.6459443,77.12804518,,
Goa,North Goa,15.54872342,73.80667998,758573,818008
Goa,South Goa,15.19527866,73.9417926,589095,640537
Gujarat,Ahmadabad,22.60542556,72.23898136,,
Gujarat,Amreli,21.04832649,71.43457638,1393918,1514190
Gujarat,Anand,22.28271821,72.57782052,1856872,2092745
Gujarat,Banas Kantha,24.25853897,71.93205253,2504244,3120506
Gujarat,Bharuch,21.75787276,72.67326347,1370656,1551019
Gujarat,Bhavnagar,21.7021939,72.16272633,2469630,2880365
Gujarat,Dahod,22.89799225,73.99170613,,
Gujarat,Gandhinagar,23.19367979,72.6722168,1237168,1391753
Gujarat,Jamnagar,22.41060041,69.62062006,1904278,2160119
Gujarat,Junagadh,20.92952301,70.5473389,2448173,2743082
Gujarat,Kachchh,23.48057203,68.82192301,1583225,2092371
Gujarat,Kheda,22.88765313,73.01880352,2037894,2299885
Gujarat,Mahesana,23.52935545,72.45545194,,
Gujarat,Narmada,21.70666386,73.68403209,514404,590297
Gujarat,Navsari,20.86697332,72.8618487,1229463,1329672
Gujarat,Panch Mahals,22.80435607,73.61984598,,
Gujarat,Patan,23.80634198,71.75162977,1182709,1343734
Gujarat,Porbandar,21.55092352,69.71896988,536835,585449
Gujarat,Rajkot,22.40603378,70.83679439,3169881,3804558
Gujarat,Sabar Kantha,23.71803595,73.1363879,2082531,2428589
Gujarat,Surat,21.25761373,72.93488716,4275540,6081322
Gujarat,Surendranagar,22.82672007,71.48358741,1515148,1756268
Gujarat,The Dangs,20.80163388,73.68835184,186729,228291
Gujarat,Vadodara,22.26133739,73.4943301,3641802,4165626
Gujarat,Valsad,20.44238232,72.91485848,1410553,1705678
Haryana,Ambala,30.35036723,76.94970311,1014411,1128350
Haryana,Bhiwani,28.72886806,76.02110226,1425022,1634445
Haryana,Faridabad,28.1487311,77.32718537,1365465,1809733
Haryana,Fatehabad,29.57298319,75.54608717,806158,942011
Haryana,Gurgaon,28.04389479,77.0193513,870539,1514432
Haryana,Hisar,29.23628731,75.84324683,1537117,1743931
Haryana,Jhajjar,28.59651868,76.61137143,880072,958405
Haryana,Jind,29.45149822,76.29598576,1189827,1334152
Haryana,Kaithal,29.96068539,76.3769893,946131,1074304
Haryana,Karnal,29.70320065,76.87488026,1274183,1505324
Haryana,Kurukshetra,30.0565266,76.7877468,825454,964655
Haryana,Mahendragarh,28.13521615,76.14018073,812521,922088
Haryana,Panchkula,30.70089714,76.97173238,468411,561293
Haryana,Panipat,29.34352134,76.92895915,967449,1205437
Haryana,Rewari,28.19164715,76.55956008,765351,900332
Haryana,Rohtak,28.89251765,76.53123235,940128,1061204
Haryana,Sirsa,29.63583446,74.9097048,1116649,1295189
Haryana,Sonepat,29.05805708,76.8558708,,
Haryana,Yamuna Nagar,30.26466183,77.31652822,,
Himachal Pradesh,Bilaspur,31.37804229,76.65316079,340885,381956
Himachal Pradesh,Chamba,32.66741815,76.39354063,460887,519080
Himachal Pradesh,Hamirpur,31.67668481,76.49767089,412700,454768
Himachal Pradesh,Kangra,32.14093603,76.41205911,1339030,1510075
Himachal Pradesh,Kinnaur,31.60667184,78.51613736,78334,84121
Himachal Pradesh,Kullu,31.90911922,77.40922649,381571,437903
Himachal Pradesh,Lahul and Spiti,32.51717031,77.62470977,,
Himachal Pradesh,Mandi,31.63580594,76.96556931,901344,999777
Himachal Pradesh,Shimla,31.15572545,77.62573042,722502,814010
Himachal Pradesh,Sirmaur,30.68276445,77.4318469,458593,529855
Himachal Pradesh,Solan,31.03864312,76.94442141,500557,580320
Himachal Pradesh,Una,31.58330388,76.18353932,448273,521173
Jammu and Kashmir,Anantnag (Kashmir South),33.76027273,75.30390606,,
Jammu and Kashmir,Bagdam,33.93258113,74.79798113,,
Jammu and Kashmir,Baramula (Kashmir North),34.38125376,74.76359942,,
Jammu and Kashmir,Doda,33.35961468,76.0716372,,
Jammu and Kashmir,Jammu,32.7131991,74.84775204,,
Jammu and Kashmir,Kargil,33.56599489,76.63675315,,
Jammu and Kashmir,Kathua,32.51781678,75.58901399,,
Jammu and Kashmir,Kupwara (Muzaffarabad),34.59923474,74.21587684,,
Jammu and Kashmir,Ladakh (Leh),33.5857922,78.30725928,,
Jammu and Kashmir,Pulwama,33.88414419,75.0092186,,
Jammu and Kashmir,Punch,33.79124129,74.29593161,,
Jammu and Kashmir,Rajauri,33.27232199,74.40776879,,
Jammu and Kashmir,Srinagar,34.27312899,75.11021159,,
Jammu and Kashmir,Udhampur,33.04770671,75.15286951,,
Jharkhand,Bokaro,23.6814965,85.98398374,1777662,2062330
Jharkhand,Chatra,24.11619946,84.93295805,808135,1042886
Jharkhand,Deoghar,24.33070101,86.75697632,1165390,1492073
Jharkhand,Dhanbad,23.85450909,86.40372925,2397102,2684487
Jharkhand,Dumka,24.27500613,87.2766245,1106521,1321442
Jharkhand,Garhwa,24.08211469,83.68664266,1035464,1322784
Jharkhand,Giridih,24.3057851,86.08710916,1905343,2445474
Jharkhand,Godda,24.8189,87.29417355,1047939,1313551
Jharkhand,Gumla,23.07853295,84.55056787,832447,1025213
Jharkhand,Hazaribag,23.94324197,85.49441312,,
Jharkhand,Jamtara,23.97873318,86.9532508,653081,791042
Jharkhand,Koderma,24.55671943,85.71690919,,
Jharkhand,Latehar,23.72511186,84.48298743,560894,726978
Jharkhand,Lohardaga,23.48879604,84.66051691,364521,461790
Jharkhand,Pakur,24.57260428,87.69691969,701664,900422
Jharkhand,Palamu,24.19692597,84.20310843,1537465,1939869
Jharkhand,Pashchim Singhbhum,22.39940849,85.5409841,,
Jharkhand,Purba Singhbhum,22.59133436,86.50910135,,
Jharkhand,Ranchi,23.18423506,85.31781937,2350245,2914253
Jharkhand,Sahibganj,24.9366799,87.68264098,927770,1150567
Jharkhand,Saraikela Kharsawan,22.85591392,85.89614919,,
Jharkhand,Simdega,22.60876039,84.59193692,514320,599578
Karnataka,Bagalkot,16.15860676,75.64526071,1651892,1889752
Karnataka,Bangalore Rural,12.93682709,77.47369315,850968,990923
Karnataka,Bangalore Urban,12.90192493,77.58685596,,
Karnataka,Belgaum,16.16107219,74.72329042,4214505,4779661
Karnataka,Bellary,15.07437755,76.47228471,2027140,2452595
Karnataka,Bidar,17.95036173,77.19459962,1502373,1703300
Karnataka,Bijapur,16.84015317,75.95909167,1806918,2177331
Karnataka,Chamrajnagar,11.95248,77.0238496,,
Karnataka,Chikmagalur,13.42528829,75.67626502,,
Karnataka,Chitradurga,14.2910222,76.57821957,1517896,1659456
Karnataka,Dakshin Kannad,12.89120455,74.96216278,,
Karnataka,Davanagere,14.33041459,75.91723841,1790952,1945497
Karnataka,Dharwad,15.34383138,75.13831264,1604253,1847023
Karnataka,Gadag,15.50712826,75.64861303,971835,1064570
Karnataka,Gulbarga,17.07045952,76.8750385,2174742,2566326
Karnataka,Hassan,12.94509875,76.1104955,1721669,1776421
Karnataka,Haveri,14.73758281,75.39612306,1439116,1597668
Karnataka,Kodagu,12.39684468,75.79336596,548561,554519
Karnataka,Kolar,13.31279988,78.01376948,1387062,1536401
Karnataka,Koppal,15.65125327,76.16170486,1196089,1389920
Karnataka,Mandya,12.57490181,76.81570099,1763705,1805769
Karnataka,Mysore,12.24810026,76.52881803,2641027,3001127
Karnataka,Raichur,16.05079535,76.87368606,1669762,1928812
Karnataka,Shimoga,14.06384589,75.17882078,1642545,1752753
Karnataka,Tumkur,13.59246776,77.02297966,2584711,2678980
Karnataka,Udupi,13.45040423,74.7200999,1112243,1177361
Karnataka,Uttar Kannand,14.53895798,74.35229081,,
Kerala,Alappuzha,9.542602966,76.38010796,2109160,2127789
Kerala,Ernakulam,10.0048793,76.26957729,3105798,3282388
Kerala,Idukki,9.804809639,77.04586642,1129221,1108974
Kerala,Kannur,11.94152308,75.35209892,2408956,2523003
Kerala,Kasaragod,12.3331031,75.07768497,1204078,1307375
Kerala,Kollam,8.929388821,76.63607759,2585208,2635375
Kerala,Kottayam,9.643701174,76.46059673,1953646,1974551
Kerala,Kozhikode,11.39292427,75.7115872,2879131,3086293
Kerala,Malappuram,10.97329876,75.93910776,3625471,4112920
Kerala,Palakkad,10.7849269,76.49980491,2617482,2809934
Kerala,Pattanamtitta,9.291312393,76.86412329,,
Kerala,Thiruvananthapuram,8.537101759,76.88711503,3234356,3301427
Kerala,Thrissur,10.45893265,76.12321941,2974232,3121200
Kerala,Wayanad,11.71527746,76.07587007,780619,817420
Lakshadweep,Kavaratti,10.43639053,72.82992744,,
Madhya Pradesh,Anuppur,23.1818422,81.8656,667155,749237
Madhya Pradesh,Ashoknagar,24.63098846,77.82974494,688940,845071
Madhya Pradesh,Balaghat,21.80020721,80.42170053,1497968,1701698
Madhya Pradesh,Barwani,21.70213571,74.9100472,1086366,1385881
Madhya Pradesh,Betul,21.96462632,77.78734282,1395175,1575362
Madhya Pradesh,Bhind,26.35951126,78.76183243,1428559,1703005
Madhya Pradesh,Bhopal,23.48072614,77.39246623,1843510,2371061
Madhya Pradesh,Burhanpur,21.36456725,76.24460479,634883,757847
Madhya Pradesh,Chhatarpur,24.81363738,79.56449299,1474723,1762375
Madhya Pradesh,Chhindwara,22.22796697,78.76413136,1849283,2090922
Madhya Pradesh,Damoh,23.76624408,79.47049303,1083949,1264219
Madhya Pradesh,Datia,25.9022644,78.63916571,664159,786754
Madhya Pradesh,Dewas,22.785111,76.46088806,1308223,1563715
Madhya Pradesh,Dhar,22.57268172,75.11056207,1740329,2185793
Madhya Pradesh,Dindori,22.83738437,81.04332967,580730,704524
Madhya Pradesh,East Nimar,22.0989856,76.55805504,,
Madhya Pradesh,Guna,24.49043927,77.2235896,977827,1241519
Madhya Pradesh,Gwalior,26.04074442,78.12782433,1632109,2032036
Madhya Pradesh,Harda,22.22765978,77.07022572,474416,570465
Madhya Pradesh,Hoshangabad,22.5952688,78.02168095,1084265,1241350
Madhya Pradesh,Indore,22.68026575,75.91338013,2465827,3276697
Madhya Pradesh,Jabalpur,23.18525572,79.98328755,2151203,2463289
Madhya Pradesh,Jhabua,22.41957802,74.40921617,784286,1025048
Madhya Pradesh,Katni,23.72441623,80.33819666,1064167,1292042
Madhya Pradesh,Mandla,22.70348712,80.38600544,894236,1054905
Madhya Pradesh,Mandsaur,24.19278764,75.43588668,1183724,1340411
Madhya Pradesh,Morena,26.37313505,77.88447341,1592714,1965970
Madhya Pradesh,Narsinghpur,22.95134468,79.00202423,,
Madhya Pradesh,Neemuch,24.70311893,75.06608187,726070,826067
Madhya Pradesh,Panna,24.45132584,80.21133001,856558,1016520
Madhya Pradesh,Raisen,23.29251821,78.16305496,1125154,1331597
Madhya Pradesh,Rajgarh,23.78549903,76.66431224,1254085,1545814
Madhya Pradesh,Ratlam,23.50356229,75.14895782,1215393,1455069
Madhya Pradesh,Rewa,24.86118463,81.57572465,1973306,2365106
Madhya Pradesh,Sagar,23.80031871,78.71940358,2021987,2378458
Madhya Pradesh,Satna,24.62777622,80.75547049,1870104,2228935
Madhya Pradesh,Sehore,22.92971997,77.06780203,1078912,1311332
Madhya Pradesh,Seoni,22.33230488,79.66053864,1166608,1379131
Madhya Pradesh,Shahdol,23.44859865,81.45968318,908148,1066063
Madhya Pradesh,Shajapur,23.56662032,76.33555181,1290685,1512681
Madhya Pradesh,Sheopur,25.78014811,77.16911117,559495,687861
Madhya Pradesh,Shivpuri,25.37802452,77.74861601,1406031,1726050
Madhya Pradesh,Sidhi,24.1754719,82.10537834,910983,1127033
Madhya Pradesh,Tikamgarh,25.14099852,78.89357065,1202998,1445166
Madhya Pradesh,Ujjain,23.31928886,75.80383718,1710982,1986864
Madhya Pradesh,Umaria,23.59601063,80.90879477,515963,644758
Madhya Pradesh,Vidisha,23.82838308,77.90135076,1214857,1458875
Madhya Pradesh,West Nimar,22.02714,75.87343742,,
Maharashtra,Ahmednagar,19.21759903,74.69220261,,
Maharashtra,Akola,20.74631048,77.1212232,1629633,1813906
Maharashtra,Amravati,21.16520992,77.67583503,2607160,2888445
Maharashtra,Aurangabad,20.09792288,75.32072197,2902602,3701282
Maharashtra,Bhandara,21.21179265,80.109502,1136146,1200334
Maharashtra,Bid,18.95235334,75.69319706,,
Maharashtra,Buldana,20.56680611,76.3901788,,
Maharashtra,Chandrapur,20.09560909,79.3155638,2071101,2204307
Maharashtra,Dhule,21.27401869,74.58719072,1707947,2050862
Maharashtra,Garhchiroli,19.7955461,80.30965564,,
Maharashtra,Gondiya,21.22500841,80.17522699,,
Maharashtra,Greater Bombay,19.08506979,72.84261961,,
Maharashtra,Hingoli,19.59525302,77.09239413,987160,1177345
Maharashtra,Jalgaon,20.88289434,75.55140422,3682690,4229917
Maharashtra,Jalna,19.98461253,75.98473607,1607391,1959046
Maharashtra,Kolhapur,16.44881302,74.12897151,3523162,3876001
Maharashtra,Latur,18.34868727,76.75812608,2080285,2454196
Maharashtra,Nagpur,21.19655686,79.02166176,4067637,4653570
Maharashtra,Nanded,19.20931698,77.6829049,2876259,3361292
Maharashtra,Nandurbar,21.52317563,74.32638757,1311709,1648295
Maharashtra,Nashik,20.26691287,74.03824168,4993796,6107187
Maharashtra,Osmanabad,18.19459456,75.99495575,1486586,1657576
Maharashtra,Parbhani,19.31032425,76.70163339,1527715,1836086
Maharashtra,Pune,18.51696171,74.12922882,7232555,9429408
Maharashtra,Raigarh,18.45325764,73.00906094,,
Maharashtra,Ratnagiri,17.21019507,73.25725894,1696777,1615069
Maharashtra,Sangli,17.15493018,74.70713823,2583524,2822143
Maharashtra,Satara,17.6737909,74.18052064,2808994,3003741
Maharashtra,Sindhudurg,16.17094805,73.51329008,868825,849651
Maharashtra,Solapur,17.83735794,75.42394824,3849543,4317756
Maharashtra,Thane,19.69876775,72.79882743,8131849,11060148
Maharashtra,Wardha,20.80743024,78.57259106,1236736,1300774
Maharashtra,Washim,20.28228239,77.25502394,1020822,1197160
Maharashtra,Yavatmal,20.04258347,78.05326372,2458271,2772348
Manipur,Bishnupur,24.50712112,93.8246236,208368,237399
Manipur,Chandel,24.2635813,94.09443844,118327,144182
Manipur,Churachandpur,24.30309719,93.38671506,227905,274143
Manipur,East Imphal,24.82105807,93.66951205,,
Manipur,Senapati,25.08465586,94.03366234,283621,479148
Manipur,Tamenglong,24.98312942,93.4945074,111499,140651
Manipur,Thoubal,24.54539255,93.97959894,364140,422168
Manipur,Ukhrul,25.05900315,94.44129567,140778,183998
Manipur,West Imphal,24.79400559,93.8885905,,
Meghalaya,East Garo Hills,25.82728228,90.64684925,252399,317917
Meghalaya,East Khasi Hills,25.30376389,91.7592252,660923,825922
Meghalaya,Jaintia Hills,25.33959557,92.3760816,299108,395124
Meghalaya,Ri-Bhoi,25.897066,91.84516159,,
Meghalaya,South Garo Hills,25.24056858,90.64560349,110244,142334
Meghalaya,West Garo Hills,25.49528519,90.03709947,507309,643291
Meghalaya,West Khasi Hills,25.50088993,91.25364542,296049,383461
Mizoram,Aizawl,23.90781335,92.85359459,325676,400309
Mizoram,Champhai,23.54166581,93.24221799,107793,125745
Mizoram,Kolasib,24.20200043,92.73470391,65960,83955
Mizoram,Lawngtlai,22.36102843,92.66964157,87592,117894
Mizoram,Lunglei,23.00771704,92.63512555,137223,161428
Mizoram,Mamit,23.73852943,92.43308038,62785,86364
Mizoram,Saiha,22.35744801,93.02827931,47084,56574
Mizoram,Serchhip,23.26386471,92.9141585,54460,64937
Nagaland,Dimapur,25.81417681,93.75074058,308429,378811
Nagaland,Kohima,25.60311429,93.78600658,219913,267988
Nagaland,Mokokchung,26.47891176,94.52242601,232085,194622
Nagaland,Mon,26.69207374,95.03072989,260652,250260
Nagaland,Phek,25.63272987,94.56814564,148195,163418
Nagaland,Tuensang,26.21104453,94.85809881,186003,196596
Nagaland,Wokha,26.20261155,94.19908152,161223,166343
Nagaland,Zunheboto,26.02817821,94.50026667,154598,140757
Orissa,Angul,21.1207062,84.99839213,,
Orissa,Baleshwar,21.48570932,87.08085828,,
Orissa,Baragarh,21.13240638,83.264445,,
Orissa,Bhadrak,20.95262735,86.81496205,,
Orissa,Bolangir,20.6163003,83.2152006,,
Orissa,Boudh,20.58319074,84.12363307,,
Orissa,Cuttack,20.40764065,85.77768102,,
Orissa,Deogarh,21.43146202,84.81452481,,
Orissa,Dhenkanal,20.79887159,85.53226836,,
Orissa,Gajapati,19.12108088,84.14015092,,
Orissa,Ganjam,19.26326176,84.8029771,,
Orissa,Jagatsinghpur,20.11444318,86.43265259,,
Orissa,Jajpur,20.85324909,86.15277301,,
Orissa,Jharsuguda,21.82705857,83.93581682,,
Orissa,Kalahandi,19.78425309,83.11240438,,
Orissa,Kandhamal,20.09287862,84.02216353,,
Orissa,Kendrapara,20.60631982,86.83763248,,
Orissa,Keonjhar,21.4922574,85.76276987,,
Orissa,Khordha,20.05416232,85.52234834,,
Orissa,Koraput,18.82627795,82.8127847,,
Orissa,Malkangiri,18.2522793,81.98293636,,
Orissa,Mayurbhanj,21.89762155,86.40304081,,
Orissa,Nabarangpur,19.51304717,82.4204196,,
Orissa,Nayagarh,20.19289562,85.056147,,
Orissa,Nuapada,20.47130951,82.59152537,,
Orissa,Puri,19.83509175,85.8669899,,
Orissa,Rayagada,19.29284002,83.4586012,,
Orissa,Sambalpur,21.51575238,84.34958483,,
Orissa,Sonepur,20.89080329,83.76852635,,
Orissa,Sundargarh,22.06354819,84.50524819,,
Puducherry,Karaikal,10.87616173,79.82369794,,
Puducherry,Mahe,12.00642079,75.28275022,,
Puducherry,Puducherry,11.88780627,79.79710961,,
Puducherry,Yanam,16.70769565,82.26187304,,
Punjab,Amritsar,31.54867982,74.79883857,2157020,2490656
Punjab,Bathinda,30.19052461,75.05685898,1183295,1388525
Punjab,Faridkot,30.59118725,74.79751554,550892,617508
Punjab,Fatehgarh Sahib,30.64290947,76.36208395,538470,600163
Punjab,Firozpur,30.63407535,74.40245732,1746107,2029074
Punjab,Gurdaspur,32.04283371,75.32040644,2103455,2298323
Punjab,Hoshiarpur,31.5515717,75.84698574,1481292,1586625
Punjab,Jalandhar,31.25033691,75.54400351,1962761,2193590
Punjab,Kapurthala,31.33659264,75.47641166,754521,815168
Punjab,Ludhiana,30.76596397,75.83110852,3032831,3498739
Punjab,Mansa,29.91954771,75.43049229,688758,769751
Punjab,Moga,30.75654007,75.16008451,894793,995746
Punjab,Muktsar,30.31243303,74.55187477,,
Punjab,Nawan Shehar,31.13344545,76.10192436,,
Punjab,Patiala,30.21454038,76.27505894,1584780,1895686
Punjab,Rupnagar,30.91093733,76.53743501,628846,684627
Punjab,Sangrur,30.1850452,75.89437014,1473242,1655169
Rajasthan,Ajmer,26.19930038,74.69904192,2178447,2583052
Rajasthan,Alwar,27.55271738,76.65359631,2991552,3674179
Rajasthan,Banswara,23.45364203,74.44246868,1420601,1797485
Rajasthan,Baran,24.98023243,76.86210652,1021473,1222755
Rajasthan,Barmer,25.77070908,71.50297126,1964835,2603751
Rajasthan,Bharatpur,27.32411858,77.21752077,2100020,2548462
Rajasthan,Bhilwara,25.45119768,74.63947596,2020969,2408523
Rajasthan,Bikaner,28.12489068,73.26943323,1696039,2363937
Rajasthan,Bundi,25.48580716,75.79984074,962620,1110906
Rajasthan,Chittaurgarh,24.63162376,74.80010998,,
Rajasthan,Churu,28.29330376,74.65846427,1902110,2039547
Rajasthan,Dausa,26.91234818,76.57342097,1323002,1634409
Rajasthan,Dhaulpur,26.72397055,77.7447622,,
Rajasthan,Dungarpur,23.75104808,73.84765641,1107643,1388552
Rajasthan,Ganganagar,29.25678541,73.56192303,,
Rajasthan,Hanumangarh,29.18133518,74.74632573,1518005,1774692
Rajasthan,Jaipur,27.03345929,75.77117286,5251071,6626178
Rajasthan,Jaisalmer,26.86900839,71.18371877,508247,669919
Rajasthan,Jalor,25.07578094,72.18647262,,
Rajasthan,Jhalawar,24.24725541,76.11242892,1180323,1411129
Rajasthan,Jhunjhunun,28.13517401,75.52840894,,
Rajasthan,Jodhpur,26.67846084,73.00450847,2886505,3687165
Rajasthan,Karauli,26.51901556,76.96081818,1205888,1458248
Rajasthan,Kota,25.17571808,76.18618928,1568705,1951014
Rajasthan,Nagaur,27.07862016,74.14215667,2775058,3307743
Rajasthan,Pali,25.80490394,73.55285641,1820251,2037573
Rajasthan,Rajsamand,25.24894767,73.96570216,982523,1156597
Rajasthan,Sawai Madhopur,26.25108118,76.42192839,1117057,1335551
Rajasthan,Sikar,27.64644059,75.29317423,2287788,2677333
Rajasthan,Sirohi,24.79769053,72.75309132,851107,1036346
Rajasthan,Tonk,26.15393507,75.79192216,1211671,1421326
Rajasthan,Udaipur,24.44076752,73.8402984,2481201,3068420
Sikkim,East,27.29600353,88.74908392,,
Sikkim,North Sikkim,27.81381005,88.54200565,,
Sikkim,South Sikkim,27.27802162,88.37538595,,
Sikkim,West Sikkim,27.3359816,88.158012,,
Tamil Nadu,Ariyalur,11.19051484,79.22249644,695524,754894
Tamil Nadu,Chennai,13.05809891,80.28139152,4343645,4646732
Tamil Nadu,Coimbatore,10.871377,77.07619012,2916620,3458045
Tamil Nadu,Cuddalore,11.57587301,79.63002365,2285395,2605914
Tamil Nadu,Dharmapuri,12.3001412,78.11509813,1295182,1506843
Tamil Nadu,Dindigul,10.37780139,77.7801128,1923014,2159775
Tamil Nadu,Erode,11.26701216,77.42034335,2016582,2251744
Tamil Nadu,Kancheepuram,12.49642476,80.0882036,,
Tamil Nadu,Kanniyakumari,8.1834663,77.32053064,,
Tamil Nadu,Karur,10.79532777,78.08749687,935686,1064493
Tamil Nadu,Madurai,9.904313833,78.01366033,2578201,3038252
Tamil Nadu,Nagapattinam,10.78946816,79.79437299,1488839,1616450
Tamil Nadu,Namakkal,11.33766638,78.14624841,1493462,1726601
Tamil Nadu,Nilgiris,11.44236166,76.66146422,,
Tamil Nadu,Perambalur,11.26013776,78.86034012,493646,565223
Tamil Nadu,Pudukkottai,10.13051482,79.05444484,1459601,1618345
Tamil Nadu,Ramanathapuram,9.312869952,78.99185362,1187604,1353445
Tamil Nadu,Salem,11.6293242,78.2478258,3016346,3482056
Tamil Nadu,Sivaganga,9.960306581,78.56535729,1155356,1339101
Tamil Nadu,Thanjavur,10.38769226,79.31948691,2216138,2405890
Tamil Nadu,Theni,9.924066667,77.43458833,1093950,1245899
Tamil Nadu,Thiruvallur,13.2758581,80.19724703,,
Tamil Nadu,Thiruvarur,10.36892741,79.60322894,,
Tamil Nadu,Thoothukudi,8.72096117,78.13832691,,
Tamil Nadu,Tiruchchirappalli,10.83784132,78.54729002,,
Tamil Nadu,Tirunelveli Kattabo,8.457430704,77.70549636,,
Tamil Nadu,Tiruvannamalai,12.41931895,79.23265632,2186125,2464875
Tamil Nadu,Vellore,12.78488263,79.02643284,3477317,3936331
Tamil Nadu,Villupuram,12.06557135,79.68989101,,
Tamil Nadu,Virudhunagar,9.468872196,77.87641469,1751301,1942288
Tripura,Dhalai,23.78136048,91.94654283,310598,378230
Tripura,North Tripura,24.12173976,92.17842538,590913,693947
Tripura,South Tripura,23.2118741,91.60658076,764710,876001
Tripura,West Tripura,23.78016624,91.41310789,1532982,1725739
Uttar Pradesh,Agra,26.99512975,78.05278292,3621702,4418797
Uttar Pradesh,Aligarh,27.93748577,78.00146831,2992286,3673889
Uttar Pradesh,Allahabad,25.39203866,82.05172447,4937266,5954391
Uttar Pradesh,Ambedkar Nagar,26.39119026,82.68282143,2026876,2397888
Uttar Pradesh,Auraiya,26.66892394,79.42637057,1179993,1379545
Uttar Pradesh,Azamgarh,26.00829095,83.01220251,3939916,4613913
Uttar Pradesh,Badaun,28.08595673,78.997108,,
Uttar Pradesh,Baghpat,29.0457935,77.302663,1163991,1303048
Uttar Pradesh,Bahraich,27.6917763,81.46779783,2701478,3487731
Uttar Pradesh,Ballia,25.86075638,84.03651979,2760667,3239774
Uttar Pradesh,Balrampur,27.44907654,82.47158326,1682350,2148665
Uttar Pradesh,Banda,25.3518859,80.52487391,1501602,1799410
Uttar Pradesh,Bara Banki,26.92277703,81.35762351,2673581,3260699
Uttar Pradesh,Bareilly,28.51101941,79.43187072,3618589,4448359
Uttar Pradesh,Basti,26.83388045,82.69790591,2084814,2464464
Uttar Pradesh,Bijnor,29.31397426,78.45098815,3131619,3682713
Uttar Pradesh,Bulandshahr,28.34875862,78.01082759,3009860,3499171
Uttar Pradesh,Chandauli,25.11808596,83.25307063,1643251,1952756
Uttar Pradesh,Chitrakoot,25.15992462,81.07666088,801957,991730
Uttar Pradesh,Deoria,26.42218857,83.82440707,2714179,3100946
Uttar Pradesh,Etah,27.59115531,78.70021858,1531645,1774480
Uttar Pradesh,Etawah,26.7881767,79.07621806,1338871,1581810
Uttar Pradesh,Faizabad,26.60589185,82.00783531,2088928,2470996
Uttar Pradesh,Farrukhabad,27.45063298,79.44062846,1570408,1885204
Uttar Pradesh,Fatehpur,25.8374362,80.85416203,2308384,2632733
Uttar Pradesh,Firozabad,27.20963993,78.42660625,2081752,2498156
Uttar Pradesh,Gautam Buddha Nagar,28.39331104,77.52462468,1105292,1648115
Uttar Pradesh,Ghaziabad,28.74997309,77.67441879,3314070,4681645
Uttar Pradesh,Ghazipur,25.62472478,83.53608546,3037582,3620268
Uttar Pradesh,Gonda,27.15721555,82.0226888,2765586,3433919
Uttar Pradesh,Gorakhpur,26.63315887,83.35495604,3769456,4440895
Uttar Pradesh,Hamirpur,25.73815838,79.8261948,993792,1104285
Uttar Pradesh,Hardoi,27.33740909,80.26411768,3398306,4092845
Uttar Pradesh,Hathras,27.57814661,78.18251084,,
Uttar Pradesh,Jalaun,26.06795459,79.36686911,1454452,1689974
Uttar Pradesh,Jaunpur,25.70141281,82.54315352,3911679,4494204
Uttar Pradesh,Jhansi,25.45581535,78.89954581,1744931,1998603
Uttar Pradesh,Jyotiba Phule Nagar,28.87049898,78.39009365,,
Uttar Pradesh,Kannauj,26.99398862,79.6443794,1388923,1656616
Uttar Pradesh,Kanpur Dehat,26.43047641,79.98710083,1563336,1796184
Uttar Pradesh,Kanpur,26.37046935,80.29251573,,
Uttar Pradesh,Kaushambi,25.53587532,81.41811282,1291993,1599596
Uttar Pradesh,Kushinagar,26.89253068,83.92261542,2891667,3564544
Uttar Pradesh,Lakhimpur Kheri,28.09185401,80.64732466,,
Uttar Pradesh,Lalitpur,24.58877161,78.60082331,977734,1221592
Uttar Pradesh,Lucknow,26.83823359,80.89706027,3647834,4589838
Uttar Pradesh,Maharajganj,27.17709911,83.46127857,,
Uttar Pradesh,Mahoba,25.3452967,79.67863003,758379,875958
Uttar Pradesh,Mainpuri,27.17386862,79.03501851,1596718,1868529
Uttar Pradesh,Mathura,27.59390433,77.62153417,2074516,2547184
Uttar Pradesh,Mau,26.01082204,83.50582654,1854950,2205968
Uttar Pradesh,Meerut,29.02957626,77.80611006,2973877,3443689
Uttar Pradesh,Mirzapur,25.10207959,82.60126629,2074709,2496970
Uttar Pradesh,Moradabad,28.85177041,78.73580193,3810983,4772006
Uttar Pradesh,Muzaffarnagar,29.47050798,77.64017848,3543362,4143512
Uttar Pradesh,Pilibhit,28.52024175,79.90103974,1728108,2031007
Uttar Pradesh,Pratapgarh,25.86484273,81.93530049,2731174,3209141
Uttar Pradesh,Rae Bareli,26.25390284,81.22260463,2872335,3405559
Uttar Pradesh,Rampur,28.83244727,79.10977333,1923739,2335819
Uttar Pradesh,Saharanpur,30.03381165,77.59905148,2896863,3466382
Uttar Pradesh,Sant Kabir Nagar,26.79159652,83.03877643,1420226,1715183
Uttar Pradesh,Sant Ravi Das Nagar,25.36457874,82.43494991,,
Uttar Pradesh,Shahjahanpur,27.99138935,79.83022753,2464930,3006538
Uttar Pradesh,Shravasti,27.60491788,81.79319777,,
Uttar Pradesh,Siddharth Nagar,27.20738484,82.78664992,,
Uttar Pradesh,Sitapur,27.50199596,80.85288881,3619661,4483992
Uttar Pradesh,Sonbhadra,24.46693269,83.06816325,1504852,1862559
Uttar Pradesh,Sultanpur,26.28463864,82.05710457,3214832,3797117
Uttar Pradesh,Unnao,26.63163991,80.63677329,2700324,3108367
Uttar Pradesh,Varanasi,25.36057089,82.82529667,3138671,3676841
Uttaranchal,Almora,29.68353213,79.50165064,,
Uttaranchal,Bageshwar,29.98703393,79.83954354,,
Uttaranchal,Chamoli,30.58338611,79.56281096,,
Uttaranchal,Champawat,29.29142394,80.07720212,,
Uttaranchal,Dehra Dun,30.53333341,77.90884125,,
Uttaranchal,Haridwar,29.88605766,77.92980068,,
Uttaranchal,Naini Tal,29.33637053,79.49979118,,
Uttaranchal,Pauri Garhwal,29.97806755,78.77450163,,
Uttaranchal,Pithoragarh,30.14720632,80.34229231,,
Uttaranchal,Rudra Prayag,30.55657756,79.09422047,,
Uttaranchal,Tehri Garhwal,30.46370092,78.48783793,,
Uttaranchal,Udham Singh Nagar,29.02779578,79.45629005,,
Uttaranchal,Uttarkashi,30.96895855,78.56880615,,
West Bengal,Bankura,23.08128089,87.12640054,3192695,3596674
West Bengal,Barddhaman,23.44445389,87.81505811,,
West Bengal,Birbhum,24.06389343,87.65153089,3015422,3502404
West Bengal,Dakshin Dinajpur,25.34209436,88.6982168,1503178,1676276
West Bengal,Darjiling,26.83961957,88.33145067,,
West Bengal,East Midnapore,21.99199725,87.92280826,,
West Bengal,Haora,22.40167417,87.99421177,,
West Bengal,Hugli,22.87929265,88.00010265,,
West Bengal,Jalpaiguri,26.62642031,89.04154375,3401173,3872846
West Bengal,Kochbihar,26.25051611,89.30613827,,
West Bengal,Kolkata,22.55058148,88.35276481,4572876,4496694
West Bengal,Maldah,25.08026803,88.17191685,3290468,3988845
West Bengal,Murshidabad,24.25950655,88.1681686,5866569,7103807
West Bengal,Nadia,23.56410971,88.58293035,4604827,5167600
West Bengal,North 24 Parganas,22.06238845,88.87793961,,
West Bengal,Puruliya,23.25419233,86.39685329,,
West Bengal,South 24 Parganas,21.85442751,88.44536971,,
West Bengal,Uttar Dinajpur,26.04461917,88.23595232,2441794,3007134
West Bengal,West Midnapore,22.35489692,87.23101441,,
